{"train/loss": 546.4476, "train/learning_rate": 0.0007898089171974523, "train/epoch": 0.04, "train/global_step": 133, "_timestamp": 1717494922.8677125, "_runtime": 790.3357775211334, "_step": 132, "_wandb": {"runtime": 791}}