{"train/loss": 0.0, "train/learning_rate": 0.00048407643312101914, "train/epoch": 0.25, "train/global_step": 432, "_timestamp": 1717414665.774184, "_runtime": 4894.151184082031, "_step": 431, "_wandb": {"runtime": 4904}}