{"train/loss": 0.6077, "train/learning_rate": 0.0020952380952380953, "train/epoch": 0.01, "train/global_step": 94, "_timestamp": 1717497324.9230704, "_runtime": 279.8296375274658, "_step": 93}