{"train/loss": 601.1536, "train/learning_rate": 1.2738853503184714e-05, "train/epoch": 0.0, "train/global_step": 6, "_timestamp": 1717495050.9613657, "_runtime": 37.816704750061035, "_step": 5, "_wandb": {"runtime": 38}}