{"train/loss": 0.0, "train/learning_rate": 0.0007261146496815287, "train/epoch": 0.26, "train/global_step": 904, "_timestamp": 1717492753.1615543, "_runtime": 5044.2972292900085, "_step": 903, "_wandb": {"runtime": 5044}}