{"train/loss": 57.8104, "train/learning_rate": 0.00026114649681528663, "train/epoch": 0.01, "train/global_step": 47, "_timestamp": 1717493626.3330834, "_runtime": 279.44879031181335, "_step": 46, "_wandb": {"runtime": 281}}