{"train/loss": 5.0765, "train/learning_rate": 0.00024203821656050957, "train/epoch": 0.03, "train/global_step": 105, "_timestamp": 1717496947.202133, "_runtime": 611.8756499290466, "_step": 104, "_wandb": {"runtime": 613}}