{"train/loss": 2037.1971, "train/learning_rate": 0.0002929936305732484, "train/epoch": 0.02, "train/global_step": 54, "_timestamp": 1717494039.653944, "_runtime": 322.50766801834106, "_step": 53, "_wandb": {"runtime": 326}}