{"train/loss": 335.6488, "train/learning_rate": 1.2738853503184714e-05, "train/epoch": 0.0, "train/global_step": 3, "_timestamp": 1717493096.567193, "_runtime": 20.016082048416138, "_step": 2, "_wandb": {"runtime": 21}}