{"train/loss": 336.0042, "train/learning_rate": 1.2738853503184714e-05, "train/epoch": 0.0, "train/global_step": 3, "_timestamp": 1717492946.4630117, "_runtime": 20.94993281364441, "_step": 2, "_wandb": {"runtime": 25}}