{"train/loss": 7.3915, "train/learning_rate": 7.643312101910827e-05, "train/epoch": 0.0, "train/global_step": 14, "_timestamp": 1717496007.8138304, "_runtime": 85.14511632919312, "_step": 13, "_wandb": {"runtime": 84}}